id;state_machine_id;student_name;student_middle_name;student_last_name;father_name;father_middle_name;father_last_name;mother_name;mother_middle_name;mother_last_name;student_aadhar_no;student_pan_no;student_social_security_no;student_tax_reference_no;student_bpl_no;student_driving_license_no;student_passport_no;date_of_birth;place_of_birth;religion;caste;sub_caste;sex;student_local_address;student_permanent_address;city;state;country;pin_code;student_primary_cell_number;student_alternate_cell_number;student_land_line_phone_number;student_primary_email_id;student_alternate_email_id;relation_with_student;emergency_contact_name;emergency_contact_middle_name;emergency_contact_last_name;emergency_contact_cell_number;emergency_contact_land_line_phone_number;emergency_contact_email_id;student_image_path;admission_no;enrollment_no;roll_no;student_type;father_cell_number;father_email_id;father_occupation;father_office_email_id;father_office_address;father_office_cell_number;father_office_land_line_phone_number;father_aadhar_no;father_pan_no;father_social_security_no;father_tax_reference_no;father_bpl_no;father_driving_license_no;father_passport_no;father_image_path;mother_cell_number;mother_email_id;mother_occupation;mother_office_email_id;mother_office_address;mother_office_cell_number;mother_office_land_line_phone_number;mother_aadhar_no;mother_pan_no;mother_social_security_no;mother_tax_reference_no;mother_bpl_no;mother_driving_license_no;mother_passport_no;mother_image_path;guardian_name;guardian_middle_name;guardian_last_name;guardian_address;guardian_cell_number;guardian_land_line_phone_number;guardian_email_id;guardian_occupation;guardian_office_email_id;guardian_office_address;guardian_office_cell_number;guardian_office_land_line_phone_number;guardian_image_path;is_guardian_sponsor_agency;sponsor_agency_name;sponsor_agency_registration_no;sponsor_agency_address;sponsor_agency_cell_number;sponsor_agency_land_line_number;sponsor_agency_email_id;sponsor_agency_appointee_name;sponsor_agency_appointee_designation;sponsor_agency_appointee_cell_number;sponsor_agency_appointee_land_line_number;sponsor_agency_appointee_email_id;sponsor_agency_appointee_office_address;is_physically_challenged;details_of_disability;disability_certificate_no;disability_certificate_issue_authority;disability_certificate_issue_date;percentag_of_disability;blood_group;vaccination_details;other_medical_details;status;comments;department_id;branch_id;section_id;batch_id;academic_year_id
1;Home Loan Account withdrawal;partnerships International;Luxembourg Spurs;empower Home Loan Account SMS;back-end Via indexing;Business-focused Canyon Orchestrator;frictionless orchid;Future-proofed Awesome;Creek;Shirt Metal;Mouse Rupiah;Human Mission;Officer Savings Account Automated;Pants even-keeled Chair;Brazil;Island cyan;Granite open architecture;2020-03-28;Licensed;Credit Card Account Sleek;Sausages streamline Home;primary quantify Chips;Guyana;Bedfordshire Auto Loan Account back-end;monitor Small Wooden Ball;New Marquiseside;Buckinghamshire Antarctica (the territory South of 60 deg S) Refined;Jordan;Hungary Configurable;interface;Toys;overriding;internet solution;Total;Investment Account Indian Rupee;withdrawal Club Nebraska;Nevada quantify architectures;empower;customized payment;Grass-roots Cambridgeshire;Personal Loan Account;Music;Pants;Avon;blue scalable Car;bypassing Sleek Steel Shirt Rand Namibia Dollar;Fresh incubate Agent;Jewelery Engineer Bedfordshire;Tanzanian Shilling Assurance Nebraska;Gardens synthesizing;silver;system;Buckinghamshire;Bouvet Island (Bouvetoya);Auto Loan Account asymmetric Montana;Applications;Montenegro;frictionless;Rubber Awesome Frozen Mouse;Trinidad and Tobago Dollar;Customer-focused;Shoes Rubber Mall;users scalable;transmitting parse infrastructures;matrix Implementation Shirt;Mobility;Arizona synthesizing Fresh;override back-end hacking;open-source;payment National;HDD;Tanzanian Shilling Lights;e-enable Plaza intranet;convergence Idaho customized;synthesize Bahrain;Pre-emptive Bouvet Island (Bouvetoya) experiences;Credit Card Account;Belize Dollar Bacon;Investment Account Rwanda Customer;Liaison copy program;hack Electronics Oklahoma;Cambridgeshire navigate Licensed;Fantastic indexing;Investment Account;haptic Shoes;models;driver payment Mexican Peso Mexican Unidad de Inversion (UDI);port Money Market Account;Chips National Idaho;vor;Salad Connecticut;Generic Advanced;HDD Security Virginia;solid state Clothing deposit;Maine Checking Account markets;Unbranded programming District;Concrete;Pizza yellow programming;FTP;Persistent Investment Account;Handmade Plastic Mouse neural;Money Market Account;syn;JSON National;interactive capacitor;Idaho Grocery;2020-03-27;14085;Towels;Table Automotive;integrated;modular red;payment;17803;97554;96107;45898;14866
2;applications Awesome;Hat matrices application;index indigo;sticky Expressway Checking Account;Street New Jersey;reciprocal;Mountain Malaysia supply-chains;Borders hack;Pants;Tasty navigate didactic;payment schemas Industrial;calculating;withdrawal Toys white;olive;Kids Incredible;Florida THX Idaho;Licensed Visionary pixel;2020-03-27;parsing matrix Belize Dollar;empower;Senior;deposit;fuchsia Music Salad;withdrawal circuit;generating frictionless solution-oriented;West Lamont;solution-oriented;Netherlands Antilles;users Guinea;SQL lavender;transmit Wooden COM;Agent Squares;supply-chains;Bedfordshire;Peru withdrawal Down-sized;invoice;Liaison Tonga;Lari;Sports Global Soft;Bedfordshire Awesome Cotton Tuna;calculating yellow;Wooden;Future;pixel Phased payment;Towels Internal;seize generate;Fantastic Wooden Chips microchip;Generic;Business-focused generate grid-enabled;International card;West Virginia Keys;Factors Soft;black Beauty;Soap;Refined Granite Sausages Savings Account extensible;Course robust bricks-and-clicks;Buckinghamshire Nepalese Rupee;Forge Licensed;auxiliary;Engineer Toys Fantastic;Licensed;Marketing mobile Cayman Islands Dollar;Computer Uzbekistan;input invoice calculate;Philippine Peso parsing Triple-buffered;deposit Rand Namibia Dollar;Branding;Handcrafted Rubber Sausages;Towels Mississippi Product;Metal;complexity Direct Administrator;online program Refined Granite Gloves;quantifying Baby;one-to-one Connecticut;Unbranded Tugrik;models streamline;projection Maldives;withdrawal alarm Timor-Leste;Personal Loan Account Inverse;Track;Books CSS Holy See (Vatican City State);Data Tasty Steel Pants Licensed Steel Shirt;Manor;Utah zero defect;bypass e-services;Russian Federation program;Practical;emulation SQL;Persevering Gorgeous Steel Salad Associate;Fan;lavender;neural Cloned Massachusetts;SCSI Communications Underpass;Officer parse;Intuitive;quantifying Phased connecting;Automated;architect;lavender;copying primary invoice;EXE;Personal Loan Account Chile foreground;con;Forward;Pre-emptive Reduced;Kids Customer;2020-03-27;9148;AI didactic;Tunnel;Configuration;Jewelery monitoring Infrastructure;Gorgeous ROI implement;25975;69571;72342;4878;49587
3;Tasty yellow;Senior Facilitator Sleek Fresh Shoes;Virginia generating;payment Mayotte;optimal EXE optical;Synchronised Pizza;array;Quality-focused Quality Generic;override Salad XSS;Burg SAS Music;one-to-one reboot Chair;Tennessee generate Adaptive;asymmetric;website New York;exuding;Beauty synthesizing;Gorgeous;2020-03-27;Italy;copying benchmark Sausages;Licensed Directives Baht;Paradigm;application;hard drive;proactive Checking Account;Lake Saulshire;Yemeni Rial Shoals deposit;Montserrat;utilize Small Fresh Gloves target;compress UAE Dirham Dam;Wells;partnerships Terrace Hat;calculating conglomeration bypassing;Kroon deposit systemic;Liaison Grocery capacitor;applications invoice unleash;methodologies;e-services;program override red;payment efficient RSS;Vietnam Mouse;SDD;Cheese Summit Saint Martin;Auto Loan Account;4th generation;Principal Savings Account online;Music Savings Account;Ethiopian Birr architectures;Networked;Handcrafted Rubber Gloves;South Carolina;website Curve;Circles;disintermediate Walks Credit Card Account;payment;XSS solid state Handmade Granite Fish;Concrete;Planner;Health;Savings Account Rupiah;back up Tactics;Borders;PCI;Sports;24/365;Frozen;magenta Turkish Lira;green Chicken Tasty;Metal Lead;Communications Generic Granite Gloves;Accountability Assurance Auto Loan Account;seamless indexing Handcrafted;Malta Auto Loan Account online;deposit Central African Republic;markets protocol Savings Account;Shoes HDD;utilisation;out-of-the-box Pizza;systems Sleek Wooden Towels Clothing;Fundamental Designer;Borders Intelligent whiteboard;Practical Steel Mouse;indexing;XSS;mindshare navigating Money Market Account;drive Analyst Awesome Fresh Hat;Michigan Clothing;Borders HDD;redundant withdrawal Planner;Nat;benchmark;invoice program;synthesize;Investor Tuna;redefine;Shirt SDD;communities Refined;Pike Borders;payment Rustic;envisioneer Coordinator;SMTP;matrices;Sav;Team-oriented;initiatives;Jordan;2020-03-28;66939;Cotton Forge New Mexico;port Pants Shirt;Credit Card Account;payment Spur;transmitter Passage SCSI;55814;20584;53990;11191;3418
4;Associate;Denmark;Small Metal Computer Multi-channelled Sausages;artificial intelligence;Arizona Congolese Franc;Architect Developer;Automotive;invoice;Minnesota Open-architected Lebanon;Tugrik Wooden;Plastic;capacitor;feed;Officer;feed;communities;Officer Quality-focused invoice;2020-03-27;whiteboard Health Polarised;SCSI Rhode Island Music;wireless Dynamic Savings Account;invoice whiteboard payment;world-class;Orchestrator;utilisation;Jakubowskishire;transmit Awesome optimal;Bosnia and Herzegovina;withdrawal copy Dynamic;solid state program;help-desk SAS embrace;Nigeria;firmware;seamless mesh;disintermediate Jordan Savings Account;deploy Advanced;New Mexico;Pakistan Rupee;connect Berkshire;XSS Suriname;Lead cross-platform;enable;Moldova Operative;Investment Account generate;synthesize capacitor Andorra;violet Outdoors deposit;Functionality invoice streamline;Applications;yellow Shoes;Open-source multi-tasking;Data;Moldova archive;monitor morph;networks Granite Computer;CSS haptic Fish;Licensed;white Principal;Avon neural;integrate New Caledonia;Solutions;invoice Cambridgeshire;Secured olive;Shirt next-generation;Legacy efficient Exclusive;definition transmitter navigating;Trinidad and Tobago Dollar Licensed Savings Account;interfaces Mouse;bus;Field Bermuda Chair;deposit;sky blue deposit;benchmark;Sleek Wooden Chips bi-directional;Russian Ruble deploy;Roads feed;Director;bypassing;array Virginia;bypass;Generic;Savings Account monetize one-to-one;extensible Practical Granite Bacon;Turkish Lira;Profit-focused;system-worthy Credit Card Account;Denmark hub collaboration;Tasty Cotton Tuna efficient Producer;Hill Awesome Rubber Computer;Directives payment override;Ind;content;back up B2C invoice;Via enhance Cotton;Chair Producer Accounts;Switchable Kyat;Money Market Account;1080p;Rubber connecting back-end;Small Wooden Gloves Expanded viral;Incredible Integration;Bedfordshire navigating;Village;XML;Borders Planner navigating;Cambridgeshire;Granite quantifying;2020-03-27;67430;Syrian Arab Republic transmitter Soft;secured line;Graphic Interface;Keyboard;Future-proofed Metrics North Carolina;93273;82248;57516;13252;47935
5;synergy Investment Account Rubber;transmit Gloves Cambridgeshire;hacking withdrawal;Sleek Steel Hat;Versatile;San Marino;Cotton Money Market Account Optimization;solutions Refined deposit;Kids;withdrawal Shirt;South Carolina;Ferry;Cambridgeshire;Generic Metal Gloves Administrator Devolved;Rustic;data-warehouse Intelligent Saudi Riyal;Home Loan Account;2020-03-27;Sharable Polarised orange;Credit Card Account;navigating panel;AI Ports pink;Iraq Buckinghamshire;interface;Supervisor Inverse Granite;North Patsy;Rhode Island;Palestinian Territory;sky blue;pink Sports;Personal Loan Account;primary;Sleek Cotton Computer intermediate withdrawal;compressing Rustic;Wooden FTP;alarm;cross-platform Investment Account;Key mobile Direct;Licensed withdrawal Quality;markets Extended programming;Triple-buffered;Stream withdrawal withdrawal;Points Polarised Senior;Cambridgeshire Computer;Analyst bandwidth Small Steel Computer;alarm Licensed Steel Computer Books;Buckinghamshire facilitate Green;holistic reboot invoice;e-business;Awesome invoice;Gorgeous Cotton Chair Ergonomic Cambridgeshire;regional compress Personal Loan Account;Djibouti Franc Music;Money Market Account;Generic Frozen Hat Camp Principal;back-end;Wall;Investment Account;Legacy Slovenia;deposit Steel;Unbranded Savings Account;seize;Japan maximize;Response;Research;tan TCP invoice;New Taiwan Dollar;SCSI;Universal Egypt invoice;Wall;input Rhode Island Tuna;Gloves;parse user-facing;Handmade Wooden Computer Metal;Licensed Manager Borders;copying;relationships quantify generate;array Delaware;Refined New York PNG;Keyboard Overpass;open-source;circuit Engineer Intelligent;SAS deposit;Saint Barthelemy;generating Savings Account Indian Rupee;haptic Macedonia;synthesizing;Sports back up ivory;navigate Croatian Kuna hack;imp;deploy payment;SSL Savings Account reintermediate;Clothing Chair;Savings Account;Bacon evolve;Utah Mission;protocol Awesome;Oklahoma;Generic Granite Chicken Auto Loan Account;3rd generation copying;deposit Car;out-of-the-box mobile program;con;policy;Cloned architect;Auto Loan Account;2020-03-27;76658;capacitor model Table;withdrawal digital;Som;calculating scale West Virginia;mint green Maine;97964;33451;16529;2619;70025
6;Tennessee;neutral Cambridgeshire;solid state;systematic;Synergized generate;turquoise redundant;Applications panel;Small circuit;District 1080p;bypass;Polarised;Cotton;Dynamic Ville Movies;Small Plastic Chair;content-based;Forward;Engineer;2020-03-27;content synthesizing actuating;Cambridgeshire;Ergonomic Rubber Salad;Plastic Gambia;navigate Unbranded;Shoes;Venezuela Rubber;Wehnerbury;navigating;Senegal;Credit Card Account;Strategist Customizable;microchip salmon;Groves Representative;Director Computer;Fish;ROI;quantifying;Macedonia Executive;AI;Bahrain wireless Mali;Intelligent Summit;initiatives Frozen;overriding Bermudian Dollar (customarily known as Bermuda Dollar);AI Ports;Finland Licensed Granite Computer cross-platform;Associate neural;pink Synergized;Gibraltar;input Andorra yellow;invoice Pizza Enterprise-wide;Park Producer quantify;Bahamas;Hollow;interactive target primary;withdrawal navigating;Licensed web services;mint green;Gorgeous impactful;Indiana withdrawal bluetooth;azure Global;Table Kwacha;Gloves Auto Loan Account customized;client-driven Analyst Rubber;Electronics;Legacy invoice;help-desk;Personal Loan Account Refined RAM;firewall toolset Administrator;Liaison Saint Helena Pound;challenge Agent;systems Keyboard Clothing;Sleek Clothing;Dynamic Fantastic matrix;cutting-edge;programming;Handmade copy;Turnpike quantifying Harbor;Networked transmitting;back-end Bike bandwidth;Ergonomic program platforms;out-of-the-box Extension calculate;e-commerce Louisiana;synthesizing Streets Engineer;Music feed;extranet;Movies Colombian Peso Unidad de Valor Real Pizza;Vision-oriented bypassing;Generic;Vatu Bedfordshire;sticky;Sho;systems;Interactions SSL transmit;Handcrafted Fresh Ball invoice SMTP;Florida;deploy;Flats AI;Cotton web services;Sleek synergies Practical Soft Chair;Specialist Fresh card;Internal synthesize optical;Strategist;hard drive migration;Fal;Bahamian Dollar;Ergonomic Concrete Bike Small Rubber Shoes;secured line;2020-03-27;7424;Focused;quantify Ergonomic Fresh Salad SCSI;matrices visionary Officer;Awesome Streamlined;4th generation interfaces zero tolerance;78916;85569;57334;52144;65882
7;Streamlined;Investment Account;bandwidth;Lead Vatu;Refined Frozen Towels Beauty North Korean Won;support;Springs Rubber;Corporate initiatives;Web Pike;Pakistan Rupee Progressive Avon;Innovative;Cambridgeshire withdrawal Response;Shoal Analyst;withdrawal;Future;vertical;Checking Account Corporate;2020-03-28;Walk;info-mediaries Borders;Plain;holistic plum;Albania TCP;gold;bypassing;West Jaleel;interfaces tan empower;Armenia;foreground bypassing mobile;Granite visionary Borders;Health Seychelles Rupee Tasty Cotton Keyboard;clear-thinking disintermediate mindshare;JSON Swedish Krona;Credit Card Account;secured line;Usability calculating Sports;Movies port;Small Rubber Pizza Fiji Dollar Metal;online withdrawal;Rubber;Saint Kitts and Nevis Senior;Incredible out-of-the-box;bandwidth payment withdrawal;Home Loan Account Beauty deposit;Rubber Pizza Fish;Soft Global;connecting;Fresh Clothing relationships;Meadow;Maryland;Direct;Hawaii web-enabled transmitter;Refined Cotton Chicken navigating;Bulgarian Lev interactive;PNG;Flat cross-platform;Terrace Virginia index;success;Tools seamless;interface;Haiti Bedfordshire Table;Steel Legacy;Marketing value-added;withdrawal deposit;optimize redundant;artificial intelligence Uzbekistan Sum;Guinea overriding;Designer Course;Keyboard Analyst Ameliorated;Borders Liaison evolve;red;synergize Shirt Home;Granite Bedfordshire Fresh;Cotton Identity info-mediaries;e-markets Assistant Western Sahara;mission-critical;Shirt Tools Director;Wallis and Futuna Shoes Malawi;Cheese Streamlined;action-items secured line next generation;Car;cross-platform contextually-based;connecting Guadeloupe Towels;Frozen platforms;indexing maroon;Producer SQL Money Market Account;bluetooth Fall;enable Refined Granite Fish Tunisia;Frozen;Inv;Track Rustic Soft Cheese;Steel wireless;Trail;Usability;Applications;Executive Buckinghamshire;Borders function Bedfordshire;salmon index;Home Loan Account Central;Oregon SCSI;Knolls networks Auto Loan Account;South Dakota Applications;Exe;TCP;invoice success;Incredible Fresh Ball;2020-03-27;3079;Orchestrator azure;Shoes Viaduct Kwanza;SMS Bulgaria withdrawal;transparent cross-platform;program;52857;95744;79339;886;99054
8;olive Assistant Incredible;Books;next-generation payment Rustic Steel Cheese;transmit invoice program;Rial Omani Ergonomic target;Gorgeous infomediaries utilize;forecast;Generic multi-byte;Taka Industrial Sleek;neural-net Ergonomic Cambridgeshire;Reactive Cape Steel;whiteboard composite Synergistic;engineer;Marketing;transitional Garden;Streets Optimized;silver Kids;2020-03-28;systems hack;SMS;RSS Passage;Home Loan Account Generic Metal Hat Multi-lateral;Stand-alone projection intermediate;Brazil Frozen;port target Ball;Collierfort;protocol optimizing;India;Small;Buckinghamshire;port;circuit Awesome Fresh Shoes;end-to-end;bypass system engine Refined;Concrete Texas;local area network solid state Chief;functionalities seize;Technician Ergonomic Australian Dollar;Maryland Web;feed Games Ball;SMTP Chips radical;Quality;Paradigm attitude-oriented Spur;invoice Ergonomic Plastic Shoes;syndicate ADP Locks;orchid;navigate Movies;override architectures navigating;program reintermediate RSS;THX indigo El Salvador Colon US Dollar;Home enable;deposit monitor utilisation;Fantastic Metal Fish Extensions;Senior 5th generation;Azerbaijanian Manat bypassing;Borders attitude-oriented calculating;Implemented;next-generation Clothing Frozen;Health interface;Tunisia;24/7 sensor;Associate Iceland Syrian Pound;Springs;override;Frozen RAM;Movies navigate;leading-edge Ball synergies;encompassing;firewall Future-proofed withdrawal;Toys monitoring;Virgin Islands, British IB;Toys Internal multi-byte;high-level maroon Gloves;Handmade Concrete Sausages Phased Berkshire;Sleek Metal Car West Virginia Representative;haptic;payment invoice Arkansas;sticky Re-contextualized orchid;Investor;virtual Indiana Frozen;New Zealand Regional Chicken;scalable collaborative;B2B sensor Togo;feed;Canadian Dollar;Health deposit Canyon;web services;Saint Martin;dot-com;Cod;connect Malta Table;Awesome Wooden Pizza Manors;Senior;hacking Strategist haptic;enhance invoice Intelligent;Optimization Administrator;Metrics Mayotte black;functionalities Savings Account;orchid;Supervisor;synthesizing;National Quality Markets;Met;Pizza Springs;customer loyalty Profit-focused Prairie;Chips Rhode Island program;2020-03-27;60306;backing up;dynamic Infrastructure Self-enabling;Intelligent Soft Gloves Pizza;transmitter Gorgeous;Ameliorated grow;89464;66243;44;11850;90138
9;Shirt;Principal Analyst Sleek Soft Shoes;withdrawal Handmade;Senior;interfaces executive Auto Loan Account;Innovative New Hampshire killer;overriding Dynamic;Principal Small Cambridgeshire;back up;Industrial;Pizza;context-sensitive Group Oklahoma;New Jersey convergence;program;Plastic;Human Configuration;strategize transmit indexing;2020-03-27;Cook Islands plum;orange;Auto Loan Account;orchid;robust;Accountability;Lake Licensed;Smithtown;feed;Samoa;world-class hacking Cambridgeshire;Aruba discrete;Program embrace;generate Toys;Sleek Plastic Car matrix;Diverse;Home;Team-oriented Movies;lavender contingency alarm;index synthesizing;Money Market Account National;port compressing Keyboard;customized Assistant;Manager input;Montenegro Tuna;Practical Saint Kitts and Nevis;Games reciprocal Borders;Web;Bedfordshire;Personal Loan Account migration;Soft Colorado haptic;Bedfordshire holistic Division;Chicken Fish Practical;Direct Pula bus;global Jewelery Intelligent Wooden Pants;open-source;Pizza Metal input;Michigan Infrastructure Bedfordshire;Avon Buckinghamshire;circuit implement;optical;Jewelery;Personal Loan Account indexing Intelligent;firewall calculating;Venezuela Australia;Bedfordshire sensor;Wooden Data hard drive;architect Fresh SAS;Guyana Dollar;dynamic SAS;Buckinghamshire Gorgeous Plastic Soap Intranet;parsing Investor Computers;Car salmon Home;collaboration best-of-breed;Tactics mindshare;maximize Gorgeous Soft Pants asymmetric;cross-platform Gourde US Dollar;Intelligent Cotton Shirt;Technician wireless alarm;indigo;1080p Checking Account;eco-centric value-added functionalities;Movies Motorway Officer;Designer;Administrator;microchip hard drive;pink Iceland;mission-critical;Berkshire;modular intermediate payment;Rubber Checking Account Car;Bra;Plaza Handcrafted;motivating Clothing;incentivize North Dakota River;Home Loan Account interface dedicated;Outdoors Sausages;Practical;Personal Loan Account;capacitor;Electronics quantify Credit Card Account;Aruban Guilder e-commerce;incubate;Optimized Views Integration;bus;Dominican Peso Technician Sleek;index;Unbranded;2020-03-27;8430;redundant AGP navigating;system Industrial;Polarised New Zealand;Reactive microchip Handcrafted;programming;5001;73872;91152;1374;2950
10;sticky;analyzing;Senior;Landing program;Credit Card Account Checking Account;Tactics programming;revolutionize Cambridgeshire interactive;maroon Home Loan Account compress;Designer actuating navigate;Dynamic South Carolina;global PCI;Internal deposit neural;e-commerce AGP;bus supply-chains;Nigeria Frozen;Practical Fresh Hat regional e-markets;orange;2020-03-27;paradigms Meadows;Implementation;real-time;synergies withdrawal upward-trending;Wooden;Licensed Concrete Sausages payment;transmitter quantifying Court;Greentown;Future;Jersey;Malaysia Grass-roots;robust transmitting neural;azure;Data migration dynamic;value-added Synergized;Unbranded;Awesome connecting;sky blue SAS;IB cutting-edge Shoals;synergies Money Market Account;Ramp;Fish Jamaican Dollar;Avon;Fish Sports;Romania haptic capacity;Incredible Grocery;circuit;Cross-platform turn-key Awesome;Granite;Money Market Account;Car;morph;one-to-one;Intranet Personal Loan Account Massachusetts;index EXE;Som El Salvador Colon US Dollar Mouse;groupware Taiwan;deposit United States of America;New Zealand Dollar;Frozen magnetic;Developer;yellow unleash;Djibouti Franc generate Group;Kids optical Handcrafted Granite Shirt;THX magenta;Team-oriented Shoes feed;program Stravenue;overriding Avon B2B;Kazakhstan Bedfordshire transmitting;XML Bridge;niches;auxiliary Product;blue;RSS;Towels parse;Awesome Metal Chips Practical syndicate;Administrator Vision-oriented Infrastructure;hierarchy;Incredible Soft Pants;Handmade Cotton Pants Islands;Handcrafted Plastic Fish Solutions architect;invoice Berkshire Kids;Licensed Awesome Ergonomic Rubber Cheese;Nevada haptic;wireless Denar hack;Danish Krone;monitor leverage;pink Regional;Salad Reverse-engineered Home Loan Account;invoice Internal;New Caledonia hack;Lak;port aggregate Kansas;Persistent;ADP;International Buckinghamshire salmon;Ohio;deploy;Prairie Data ROI;Pataca motivating;calculate Function-based Estonia;turquoise Cedi olive;compressing Handcrafted Soft Bacon;online parse indigo;syn;intuitive eyeballs Health;4th generation;SCSI Stand-alone;2020-03-27;63003;SMTP;hardware Dynamic XML;circuit;Technician bypassing;compress multi-byte protocol;96726;9491;82665;99889;90309
